Lab,code
USA_033,6r77w1xym
USA_033,zn9ch0dyi
USA_033,fnijdun31
PSA_002,6pod1k78d
USA_033,jpb0e3yz2
PSA_002,nzbujd1bp
USA_033,6x9zdjx1w
PSA_002,cjypzych3
PSA_002,h1dse2kln
PSA_002,368tdu949
USA_033,sfzq5wi17
PSA_002,1wt1fi6ss
PSA_002,rvcsjtiy6
USA_033,gigiaypqk
PSA_002,5eh8vj77g
PSA_002,ablv1wb4m
PSA_002,28eouuzd3
PSA_002,4zft9lhq9
PSA_002,ly7c1km8h
PSA_002,p4716jxpf
PSA_002,wu4r62ir7
PSA_002,5zjgvffk9
PSA_002,lcwwn26vt
PSA_002,u2key05kx
PSA_002,7l6ze6i1k
PSA_002,f1krjjn5n
PSA_002,14x1x37kw
PSA_002,34ksuj484
PSA_002,5akcya0fn
PSA_002,hhaov8yr4
PSA_002,1f3qkondm
PSA_002,ns27q2tju
PSA_002,uo8hxifhi
PSA_002,eg83lm323
POR_001,dtgbg717b
POR_001,1w5no9gc6
POR_001,r39wwpuiv
PSA_002,hnzpn8ypb
POR_001,lu3h6sozs
POR_001,q6yez81x7
POR_001,31mkcuhjf
POR_001,fjhsqrwon
PSA_002,vlmwx8ljb
PSA_002,w81z23db8
POR_001,l1ro8kr7c
PSA_002,5emxgr59i
PSA_002,dpkio0jly
PSA_002,m7kwaofco
POR_001,az9tid6wn
POR_001,zv8bru7zj
POR_001,wjrrdggn6
POR_001,3ccxolshc
POR_001,l7p2o8sd2
PSA_002,zmsigog7l
PSA_002,br1nac0sx
PSA_002,dud001w2p
PSA_002,8pt718kps
POR_001,4u541ryvi
POR_001,62vffbsqk
POR_001,x32nc8kjh
POR_001,ojdmlj0hn
POR_001,w0gf4itla
POR_001,xlfn2yrws
PSA_002,3o1k0idzj
PSA_002,1myu2qz4r
POR_001,klu66w373
POR_001,s3lhacz45
POR_001,s5rvujypx
POR_001,eh7jtg7fq
POR_001,h00gh9m8c
POR_001,yceymzte0
POR_001,dv2592h1c
POR_001,j7sqi3xag
PSA_002,93isib4vd
POR_001,uc6ywpzcx
POR_001,irdrhhba1
PSA_002,v7qgwbxz8
POR_001,b9lbhrg16
POR_001,zzkdrcp66
POR_001,rf2e7jue8
POR_001,bq3qo0nlk
POR_001,dlugd5dc1
POR_001,fj2iyd8vc
POR_001,68hikjlb9
PSA_002,nmxjwpg79
PSA_002,ybc2tja9a
PSA_002,b682cq9fh
PSA_002,prc96fuv2
PSA_002,2cpvvkyuz
POR_001,aqqydif4q
TUR_023,u6619gno2
POR_001,bbyr2rftc
POR_001,oe4hm4ohn
POR_001,ihu8ci7aw
POR_001,hgf4obsbg
POR_001,6hhd6jusq
POR_001,gsh3zc6u2
POR_001,61fvm78ys
POR_001,tpm2usnhy
POR_001,dq38mbtvo
POR_001,e4t4j3djy
POR_001,f9zrek8vl
POR_001,h1pb1rfos
POR_001,8gofvdczv
POR_001,3mdvkx670
POR_001,g328h0oa6
POR_001,hhdnp3nah
PSA_002,jjbi7v391
PSA_002,t4as9947w
PSA_002,fikeeshvp
POR_001,a2oc8f4g0
PSA_002,roopvj67x
PSA_002,k1k7knfmt
NOR_002,6435x737p
TUR_023,f3k6tmmg4
TUR_023,apc7pqz46
TUR_023,urlfxtblt
TUR_023,yjwvqsicd
TUR_023,ez8gf69na
TUR_023,k8nph00i5
TUR_023,a9d3xdp1v
TUR_023,ofe858dde
TUR_023,is5gioit5
TUR_023,fyk9m0dvx
TUR_023,j23kalrwi
TUR_023,xw1z337j3
TUR_023,0pcc6nea5
PSA_002,dv0p13dgi
TUR_023,hzlegai6u
TUR_023,mtg6izgdc
TUR_023,f018ye2nm
TUR_023,pos9lymd0
NOR_002,zokh4cg3h
PSA_002,hxm2swpdk
PSA_002,1ucjkfzgz
NOR_002,35miq9748
TUR_023,hmm0vrpd0
AUT_005,czcjnhfkf
AUT_005,w06q3tztt
AUT_005,moqkxa0sm
AUT_005,0031i61d8
TUR_023,pbhu3edjb
AUT_005,6xuiy2kgx
AUT_005,nehxl7b1i
AUT_005,aq7pb1dzp
AUT_005,h90d3sk1e
AUT_005,v9598jjbp
AUT_005,ahbrt5ajp
TUR_023,mrx61bmky
TUR_023,he3zr9jzu
AUT_005,0if1u15ii
AUT_005,638ydx3lx
AUT_005,pg1og8y6y
TUR_023,dw80nzbs2
AUT_005,aeava3ga0
DEU_020,0xt3y5ir2
TUR_023,7901nznim
TUR_023,xjvf4p667
TUR_023,eu5lh469n
POR_001,26dgl4chr
PSA_002,w2lavj3p4
PSA_002,zwu2xzgv4
TUR_023,pb7h3ocan
TUR_023,rejdub4m6
TUR_023,y6stg2txc
PSA_002,7an172sdb
PSA_002,p7oxtfcl9
TUR_023,w8za5ueaw
TUR_023,p5f1go198
TUR_023,rskeqwxpp
AUT_005,qf6p1mhco
TUR_023,codvdsw5y
TUR_023,4fhc244lf
PSA_002,2ontrr2k7
TUR_023,t6rywgli0
AUT_005,x4am4y2dq
TUR_023,tsjix32ru
AUT_005,hvrnlspgq
TUR_023,7cgq8vj1c
DEU_020,dl4i8tt8o
TUR_023,yo731fcrt
TUR_023,z9rj38hvp
TUR_023,vtc4g7qbz
TUR_023,5r9uq9sel
AUT_005,hzpepilwb
TUR_023,c9rrqyul6
PSA_002,292oc51l5
TUR_023,3ykb1pufj
USA_030,n3nxvm8vv
DEU_020,6lhelkjaq
USA_030,9onz9pxv8
TUR_023,cl3hvjsyb
TUR_023,cw9aleqmd
AUT_005,jhf67c0so
AUT_005,6ainj69tz
AUT_005,rm2x7co7b
DEU_020,ft06td0gc
AUT_005,he1touz14
AUT_005,3h8wyomwa
AUT_005,wzp4jaldm
AUT_005,5yp25p8jx
TUR_023,0llhllo8p
TUR_023,p3pk6kaxj
TUR_023,rjt5v2vms
AUT_005,phxtmay4l
AUT_005,i2cjaxi1w
AUT_005,v22sc6c0p
AUT_005,skfichutq
AUT_005,dh260btel
AUT_005,pfvm6fvsa
AUT_005,qcngsd5bo
PSA_002,iy2w2a7h7
USA_030,hen609wlm
AUT_005,v2m2zbkp0
AUT_005,w2ypxzvpl
AUT_005,0vme0j90o
AUT_005,2sz7kxu76
AUT_005,0maz3iibc
AUT_005,f6i1u0usa
AUT_005,6unowinl6
AUT_005,2p2i6h5ab
AUT_005,lewhk6siu
AUT_005,pb3y5gx0r
AUT_005,dmhhwpw6x
AUT_005,zjv46l41d
AUT_005,ptu27teoi
AUT_005,uwr4vb99a
AUT_005,j7g4wz289
AUT_005,gzglrc9b2
AUT_005,8bik4u1h2
AUT_005,a2xn7sr31
TUR_023,0zn3rlz1y
TUR_023,3mstjfhh8
DEU_020,zvgjur3su
AUT_005,3yw130i6h
AUT_005,scs9h2qr1
AUT_005,jkyuwdm75
TUR_023,lsbmu9ec3
DEU_020,5r8xwf4sv
AUT_005,b9mcbzcrj
TUR_023,cjxw7rmst
DEU_020,n2jjrgfbp
AUT_005,1gnn4b8c5
AUT_005,yhwl44wj1
PSA_002,lkjxvpfnq
TUR_023,r0hnbip9h
TUR_023,xjhlexlob
PSA_002,7nd95xuil
TUR_023,3do088hw7
TUR_023,n28xxumms
AUT_005,mv387s6sw
TUR_023,1ovnyz73s
TUR_023,6lh3g05cu
AUT_005,603jk3r2y
DEU_020,e9eyeu9mc
TUR_023,l5ordq8w6
AUT_005,aosergdi1
TUR_023,cnie3x2cf
AUT_005,ho52q36gt
AUT_005,ootf6cge4
AUT_005,y0gug8pyd
AUT_005,tzi88ycki
AUT_005,nxrx1j2nu
AUT_005,dno6h8itc
TUR_023,kb7jijo9v
TUR_023,jy70arl10
PSA_002,3tru77x3f
USA_011,pdg0c6tbf
AUT_005,466curufv
NOR_002,kzh10bu1v
NOR_002,ggjat5dne
USA_030,d1r3z2ctm
TUR_023,2941ppgfr
TUR_023,1krt130tw
NOR_002,205ib538k
TUR_023,tspnmqr6s
USA_030,nvis2dh0p
USA_030,vxg9elxbw
USA_030,l5j3s7ifj
USA_030,uy64lv6w5
USA_030,cfbqzb3rq
USA_030,4y7tege8p
USA_030,ft9ehfq9a
USA_030,o9u867wk5
USA_030,odij4mpnw
USA_030,cpapen9jx
AUT_005,zb687tzqg
AUT_005,pumlb2tbw
TUR_023,yede5ur3o
AUT_005,wqyxcw9r9
AUT_005,zt3d563hl
AUT_005,3k1uu7x4s
AUT_005,e200cpioi
AUT_005,ljpknkkp1
AUT_005,8zqinvoj1
AUT_005,gzg3ct9o8
AUT_005,cipfsliro
AUT_005,wwqtth9vd
AUT_005,yizn0g6od
TUR_023,941csuzz4
NOR_002,zhjzx3skw
AUT_005,f6i4mjxgx
NOR_002,zy11jsj3h
USA_011,i5t1wueyy
USA_011,pud6dtmwb
USA_011,pbqv4gnbr
USA_011,903i6fj07
USA_011,as3x9vs5q
AUT_005,isx7b0hto
AUT_005,fo6x0ms63
USA_011,odf9xlemt
AUT_005,o25twfvrw
AUT_005,q314cawbc
TUR_023,lkpsuo1sm
AUS_091,qftvidnj3
NZL_005,r1l9y7wdz
AUS_091,q2j6eky3m
AUS_091,l6z3fg6o8
AUS_091,as11zw06j
AUS_091,nhwpk9xj3
AUS_091,gx2hcvxkw
AUS_091,crlwn42i5
AUS_091,ksvsjdte7
AUS_091,47lh9zsc3
AUS_091,h711cflkq
AUS_091,r58v85ocb
AUS_091,q7zcmxp9l
AUS_091,ews4dhnv0
NZL_005,a8ninox6q
AUT_005,6d4nfxxs3
AUS_091,feopwl7wi
AUS_091,v1lv1zpxh
AUS_091,hxhm08kno
USA_011,q47kyssy4
AUS_091,z1v4kqclm
USA_011,pok1s2pha
AUS_091,re99p0m72
AUS_091,tkh1d0z3r
USA_011,2d6pir60f
AUS_091,fb909qw11
AUS_091,sq2uapp1a
AUS_091,hczrkjt56
AUS_091,qfsohjqr5
USA_011,s4yyozsay
AUS_091,ew3e7hic2
AUS_091,yun7qwxd6
AUS_091,7n3bnj0f4
AUS_091,iqjksugp3
AUS_091,v2328wvsj
AUS_091,9pjannmyy
AUS_091,ahxunnx0c
AUS_091,kf3qcmj6t
AUS_091,grmpadwl5
AUS_091,7tijqncae
USA_011,9cer3f2ty
AUS_091,8toznghcb
AUS_091,bxpaxrkjy
USA_011,k37g8m1yh
TUR_023,f7d8lf8os
USA_011,bkqs2ea2x
TUR_023,woz6xykuz
USA_011,94ejn6337
AUS_091,gshntj2ny
USA_011,otcgmqu50
AUS_091,tmmu2pnr6
AUT_005,16n2xri4a
AUT_005,crkshlhrb
USA_011,h6yrn5qy0
USA_011,83q6bjvb5
USA_011,fzp0f7s9w
AUT_005,w3rc0kxcg
USA_011,a4fys888u
USA_011,bpri0wt2t
AUS_091,0aj5w0ep0
AUS_091,re30ideuw
USA_011,1y96i9f45
AUT_005,bazn787yd
DEU_020,krm533ltn
USA_011,xn6xw19ph
USA_011,wvlc9somf
AUS_091,73maj8mo6
AUS_091,45vn6b1wl
AUS_091,evod7cjge
AUS_091,r15xt0ufv
AUS_091,lgvkd08s4
AUS_091,ys8e8af45
AUS_091,9479f4z0k
AUS_091,erhwpue43
AUS_091,kovan9lat
AUS_091,114mfq7hx
AUS_091,7pj70zvus
AUS_091,6awe3k1cj
AUS_091,amgni3etz
AUS_091,297ysgfyj
AUS_091,eowajuric
AUS_091,8nwh5agll
AUS_091,ask7iktla
AUS_091,gdee5524t
AUS_091,enpenjayj
AUS_091,y494zp8us
AUS_091,lda5l587h
AUS_091,i9w978skm
TUR_023,rwlmwr10b
AUS_091,zrq8n0pyq
AUS_091,n1pa2ujo9
AUS_091,53p4o9tj1
AUS_091,vw1lukopv
AUS_091,j54585w6x
AUS_091,ptt0yr15e
AUS_091,el9n2drya
AUS_091,fmvav08hi
AUT_005,w1iqlo4q4
AUS_091,apty47gnc
AUT_005,uukumobzn
AUS_091,n5n65j1hk
AUS_091,18h5nc950
AUS_091,baidu6wpu
AUS_091,5ievnd5dk
AUS_091,7bd65yl2x
AUS_091,c5f1k2rnv
AUS_091,y5qklbdzj
AUS_091,gdx684n23
AUS_091,5hj3ewmfk
AUS_091,hz75ch7kt
AUS_091,nlv1ijcf1
AUS_091,ww5g3v4c6
AUS_091,610o1ycoj
AUS_091,kqm6728cv
AUS_091,boww8b10b
AUS_091,8iaur5mhy
AUS_091,di1lo2ua4
AUS_091,ifhwzs460
AUS_091,v75hw23yq
AUS_091,y85r1kk82
AUT_005,v4892pvni
AUS_091,7g594vz5u
AUS_091,u995k9dvu
AUS_091,woslmg5gx
DEU_020,v8l38rvp6
AUT_005,1oj7638j0
TUR_023,8lurie64f
AUS_091,tlbbv3yz2
AUS_091,upfv6i6zw
AUS_091,9o7v8qp6m
AUS_091,zm44442b4
AUS_091,q5grv0qeb
AUS_091,dold54i30
AUS_091,5qr877kqk
AUS_091,ezihms19c
AUS_091,nihwbb0x2
AUS_091,pa621fsbn
AUS_091,ag9qlgr7u
AUS_091,4yup9i72g
AUS_091,w5rax6hwq
AUS_091,btt0jn1ls
AUS_091,a66gip6lj
AUS_091,pin6sfv0f
AUS_091,pk4reftqf
AUS_091,juzoll2c2
AUS_091,3rmasb21d
TUR_023,zlnxqu3ur
AUS_091,0f1y1vvyb
AUS_091,gi5phnyt5
AUS_091,2ue2fnv5q
AUS_091,0vyffu8y8
AUS_091,097voghn3
AUS_091,5snduf3i2
AUS_091,1wqm1qls1
AUS_091,7obyfcyn8
AUS_091,40gw57jga
AUS_091,28kk92kxz
AUS_091,6dyzw17h1
AUS_091,k5o4rzhk6
AUS_091,etj4hdvp7
AUS_091,iluc899jl
AUS_091,2huykynlk
AUS_091,me4sbzkn3
AUS_091,kp72a3jrh
AUS_091,k1z2el2dq
AUS_091,svxvqv2ky
AUS_091,v794q5ygy
AUT_005,6b71ffljc
AUT_005,3da55wenx
AUT_005,3834gldst
AUT_005,2cr2ip3v2
AUS_091,b5rnsej4i
AUT_005,iujf4pano
AUS_091,k4m4ctmhm
AUS_091,gvhlhwavn
AUS_091,afw4ox6vb
AUS_091,uej0tdi9m
AUT_005,2yr5pdrkw
AUT_005,lq6n0cytp
AUS_091,7insvo00g
AUT_005,pvt3xkkrl
AUS_091,lgybh4ls2
AUS_091,6r7elr5wx
AUT_005,saufby5xz
AUS_091,l9ya59tce
AUS_091,yny7mvkwj
AUT_005,4iingog8b
AUT_005,yeornmwr2
AUT_005,z80ly1vsu
AUT_005,grhnhmiv5
AUT_005,2fxo6gs0a
AUS_091,h1uoflb4f
AUT_005,ptbdnyndv
AUS_091,f3rsv4925
AUT_005,xr5tss9je
AUS_091,w3367vowp
AUS_091,au08hmlss
AUS_091,k958v189t
NOR_002,g81lkj7n4
AUS_091,0hp4iyvzj
NOR_002,7nik4e7rg
DEU_020,pdd8mcpfn
TUR_023,dnvfmjdjg
TUR_023,lv9zgrxxu
TUR_023,cidmpa0k2
NOR_002,x4t1ol4lr
DEU_020,wbqwe9sw0
DEU_020,xdt4yvunz
USA_020,gyyrxnteo
USA_020,0g003cqd7
USA_020,jkevdu7u4
USA_020,fmon5o1ht
USA_020,s5gg53b57
USA_020,s4e0d5tgh
USA_020,li16nmzyu
USA_020,sjreixmm6
USA_020,ou0kelkrk
USA_020,ney9o4j8w
USA_020,wb4qnnyph
USA_020,d6mxld9p4
USA_020,bsiv9u3a4
DEU_020,glh73ej2o
USA_020,5kl8a8boh
USA_020,7e0iy7l9d
USA_020,vihm7hqxc
USA_020,oq7b1y0lo
USA_020,e95k4eukv
USA_020,7qbqk8xn8
USA_020,af89t8fzt
USA_020,qgl50c2fz
USA_020,gepa7om3w
USA_020,b1muwd928
AUS_091,a5jnd3hng
USA_020,yr87ubtfw
AUS_091,grw6kktj8
USA_020,ho35vv8m0
AUS_091,vep5ot6st
DEU_020,dtu7u7l13
DEU_020,ke96d4i3d
AUS_091,a7t7gnqtr
AUS_091,nv45qyk68
DEU_020,2legtnkl0
DEU_020,nmaqpli1w
AUS_091,7vwd54u8y
ARE_002,p6ufmxevr
ARE_002,ss0a0fwtz
ARE_002,ykclztalb
ARE_002,m28pv8xkk
DEU_020,mj7m9bl89
ARE_002,dih4mhv1q
ARE_002,m2r0v5m52
ARE_002,nymdhhsca
ARE_002,xjtd9zks5
ARE_002,smrju5958
ARE_002,emfmpx2yk
ARE_002,u7rgxzyow
USA_020,o1w8p5889
ARE_002,wpoa98xwe
ARE_002,1xrvdktyw
ARE_002,0jo6o55fq
ARE_002,q1wf4t2mm
ARE_002,c23evptxj
ARE_002,bw7yu600t
ARE_002,hu49gkoyf
ARE_002,me11sma41
DEU_020,m9h3b8zzj
ARE_002,6ynal40d1
ARE_002,s1p0yaxig
AUS_091,64rzyz2e3
ARE_002,fnazxmvx1
ARE_002,yv5s8uxwx
DEU_020,jyc85ae91
ARE_002,wrgb6crtx
ARE_002,t2b3g8nmr
ARE_002,s96vn59d8
AUS_091,f33vxjgig
AUS_091,gqr6yxdtq
DEU_020,kb1um72ij
DEU_020,3lvs3d81v
DEU_020,ly4r1ol9z
ARE_002,yixndrdhh
ARE_002,extif3aiv
ARE_002,wfy8xy6lg
ARE_002,s6w9crew7
ARE_002,oacuripu5
ARE_002,3w11db24h
ARE_002,b9nlgfz0z
AUS_091,0884bng8f
TUR_023,85gs492so
TUR_023,kme241eku
ARE_002,l4tjcwxct
ARE_002,y91lftgzt
ARE_002,h8rq422am
ARE_002,ygee0toc9
TUR_023,z5njjfckg
NZL_005,zikerdn5j
NZL_005,fzcuilpt7
NZL_005,0ma0opljt
NZL_005,ltcgjkln2
NZL_005,rxnyj9rlq
NZL_005,h7tbdxtwy
NZL_005,4ky8ir1mx
NZL_005,pig54spb5
NZL_005,s7jo3a5cy
NZL_005,fiuqzmskp
NZL_005,04uv27o46
NZL_005,ed1c5v6qh
NZL_005,sb1b3kwvm
NZL_005,r424cnoi0
NZL_005,qgmigmuzq
NZL_005,jar1h4lb9
NZL_005,8q4f4n65y
NZL_005,5mq67p9sq
NZL_005,ym36mp8q4
NZL_005,xcykl4g7p
NZL_005,mkilfyone
NZL_005,b0zn5qnrm
NZL_005,o0lkh3it0
NZL_005,v7ryehvsl
NZL_005,2un0otz8y
NZL_005,watz2edqc
NZL_005,aq61xi1g2
NZL_005,p3miq2anl
NZL_005,zkht2vkbt
NZL_005,0nlsunzyo
NZL_005,m1h1ggmnm
NZL_005,e3doza9sl
NZL_005,1v77u59de
NZL_005,xac66jpni
NZL_005,rgdrccl0z
NZL_005,5w2xktfcv
NZL_005,ek4im9dwi
NZL_005,481001jcu
NZL_005,e9s9ya1ph
NZL_005,y88h9htcl
NZL_005,i8p0597lk
NZL_005,msk2nm6eh
NZL_005,b2ico4w1c
NZL_005,u680in2fk
AUS_091,7ilq3iahp
NZL_005,h5e6ume4n
NZL_005,gigbalubq
NZL_005,r4itu9k6b
NZL_005,2t09fdqzl
NZL_005,ci5euhfi0
NZL_005,i6u0sa2am
NZL_005,8fw38tld9
NZL_005,lu8mbfq6z
NZL_005,vlkytbdeg
NZL_005,642fpk7qy
NZL_005,vl4u5lt71
NZL_005,e06dm875m
NZL_005,tlhawcxt3
NZL_005,mszvzr1i1
NZL_005,zhzdo7h0d
NZL_005,7bo0qdki4
ARE_002,au8fm61zs
NZL_005,gf8kdf1pi
NZL_005,fbfx6wr5l
NZL_005,ijsnrdrqt
NZL_005,k9bw6xajs
NZL_005,bf3qsxlo8
NZL_005,ixjgp5r6h
NZL_005,yjx1gvt62
NZL_005,tiwkthss6
NZL_005,zqhffpq9i
NZL_005,arhigut9y
NZL_005,p0ghpkifq
NZL_005,7nyt2y2vx
NZL_005,zjbfgscdh
NZL_005,kdvyaps2d
NZL_005,fu4zkoyyd
NZL_005,42akzddr8
NZL_005,w5uabh0q0
NZL_005,z776oh7ez
NZL_005,36ba2aw4p
NZL_005,mf192i1p5
NZL_005,489wghrx6
NZL_005,4xcm8znio
NZL_005,4jzrr006q
NZL_005,k8mg2d3ft
NZL_005,xzd1doxgv
NZL_005,j77kzq3mt
NZL_005,qt1gtqthn
NZL_005,66yp80h4s
NZL_005,7js940yjp
NZL_005,20dykl3ye
NZL_005,brq7fil6t
NZL_005,1pt9zkhi5
NZL_005,hemxpghv2
NZL_005,9zbf6uolx
NZL_005,0w0k9vij6
NZL_005,l6szhbun2
NZL_005,lj3wmc8f7
NZL_005,m37ahk3sm
NZL_005,x1o96ajti
NZL_005,x5hhi96ke
NZL_005,3w2qt4s8f
AUS_091,w5cdvu5fd
NZL_005,z0exn6hjq
NZL_005,vx32k2yog
NZL_005,s80hqaxfp
NZL_005,scw5e1dzo
NZL_005,2shnqctcb
NZL_005,4ffsvqyyn
NZL_005,5cjw382aw
NZL_005,p704oxfj2
NZL_005,wdz5aw4yf
NZL_005,flm3f5lcz
NZL_005,orygzkuor
NZL_005,5ukl4hthr
